,x,y,name,gender
Ejvind,29.429604,-5.1171594,Ejvind,male
Jelena,-1.5045756,4.0023055,Jelena,female
Ruben,23.96285,-23.547201,Ruben,male
Christin,-5.473293,21.646486,Christin,female
Stina,-10.721304,27.15416,Stina,female
Marta,-4.7444186,5.914334,Marta,female
Dragana,-0.58277637,3.153768,Dragana,female
Patricia,-21.404383,7.7478175,Patricia,female
Linette,-18.310625,26.54387,Linette,female
Farid,-14.119274,-30.30533,Farid,male
Sophia,-24.671103,14.242616,Sophia,female
Jim,22.128199,-17.32945,Jim,male
Karna,17.471199,30.852858,Karna,female
Gloria,-5.139199,2.5429778,Gloria,female
Vickie,-12.559669,25.000938,Vickie,female
Valborg,16.465935,31.692955,Valborg,female
Marko,24.35395,-30.928024,Marko,male
Karim,-18.35897,-30.692884,Karim,male
Knut,20.839243,-6.976182,Knut,male
Merethe,-0.7670196,28.285677,Merethe,female
Josephine,-25.095543,16.288387,Josephine,female
Jeannie,-7.5237694,25.096659,Jeannie,female
Thit,-14.170151,16.771126,Thit,female
Bendte,2.9665475,32.593132,Bendte,female
Josue,5.602768,-30.050781,Josue,female
Edgar,7.6445403,-30.527462,Edgar,male
Ingelise,14.599679,33.476658,Ingelise,female
Rikke,-14.881566,28.171967,Rikke,female
Selina,-22.415943,11.4293375,Selina,female
Rana,-23.05857,-5.413661,Rana,both
Junior,3.9343238,-33.45516,Junior,male
Adriana,-7.346042,2.778277,Adriana,female
Aman,-8.742654,-24.638277,Aman,both
Alessandro,14.894069,-35.76337,Alessandro,male
Alf,22.874804,-7.3618345,Alf,male
Maria,-20.624647,22.912317,Maria,both
Elsebeth,11.220844,30.864658,Elsebeth,female
Hella,4.5268703,34.560646,Hella,female
Paw,25.654263,-18.265766,Paw,male
Bertha,9.96851,23.98853,Bertha,female
Marck,26.005121,-20.968662,Marck,male
Abdi,-20.020918,-25.774628,Abdi,male
Betty,13.881752,30.138882,Betty,female
Freya,-26.900274,12.907133,Freya,female
Paul,17.49256,-17.439428,Paul,male
Beata,-3.4145427,7.482132,Beata,female
Christa,1.9479814,29.879948,Christa,female
Fie,-20.361946,18.956911,Fie,female
Rob,14.944541,-19.37991,Rob,male
Zoe,-14.107213,2.328541,Zoe,female
Malthe,31.853167,-26.78817,Malthe,male
Annemette,-11.959111,22.257301,Annemette,female
Leo,25.914648,-6.710234,Leo,male
Amit,-6.674198,-24.889643,Amit,male
Kristin,3.2162914,13.7004595,Kristin,female
Erna,13.250294,34.933468,Erna,female
Haris,-22.250715,-26.020826,Haris,male
Maj-Britt,-1.7135267,29.497686,Maj-Britt,female
Marek,19.83848,-32.457054,Marek,male
Ronnie,26.209099,-19.580036,Ronnie,both
Dave,14.811802,-19.86046,Dave,male
Chili,-22.814226,13.972225,Chili,female
Katherine,-11.174754,-0.11936603,Katherine,female
Jose,9.625158,-33.435738,Jose,male
Ashish,-6.3100696,-24.621141,Ashish,male
Aja,-15.2191,32.01476,Aja,female
Wesley,4.9615383,-36.80007,Wesley,male
Jacques,29.303715,-20.731945,Jacques,male
Lisbeth,6.761305,29.956116,Lisbeth,female
Ida,-20.588568,15.141142,Ida,female
Heinrich,26.341871,-13.125259,Heinrich,male
Lia,-4.080122,11.941793,Lia,female
Anker,25.43275,-8.1745405,Anker,male
Frode,21.76998,-7.0795584,Frode,male
Sam,15.508618,-23.575481,Sam,both
Julie,-24.633703,17.099274,Julie,female
Bonnie,-8.636725,26.862806,Bonnie,female
Johanne,-20.161016,15.051188,Johanne,female
Alaa,-17.026577,-30.501019,Alaa,both
Dianne,-5.4497046,27.850712,Dianne,female
Aleksandra,-3.2178645,4.509737,Aleksandra,female
Vibe,-12.315942,17.936392,Vibe,female
Annesofie,-21.478006,13.482501,Annesofie,female
Mitch,19.142288,-13.109621,Mitch,male
May-Britt,0.88830066,27.67298,May-Britt,female
Shahin,-12.397591,-30.352917,Shahin,both
Gunnar,29.21395,-6.367667,Gunnar,male
Ali,-19.915865,-28.349567,Ali,male
Bent,30.829294,-7.3958006,Bent,male
Merete,6.984307,29.477951,Merete,female
Anett,-4.5564113,28.682728,Anett,female
Marie,-16.301281,16.40789,Marie,female
Anine,-16.923084,14.483055,Anine,female
Isabel,-13.477121,7.388236,Isabel,female
Gabriel,12.0141115,-28.001389,Gabriel,male
Raymond,15.649822,-16.963734,Raymond,male
Tenna,-16.212639,25.641445,Tenna,female
Franck,19.386265,-15.261285,Franck,male
Luis,8.50818,-32.517796,Luis,male
Lola,4.2092233,25.964468,Lola,female
Joseph,12.145236,-24.785042,Joseph,male
Merle,-18.141607,13.390083,Merle,female
Anja,-13.644466,29.099394,Anja,female
Ada,-10.0803995,8.4166975,Ada,both
Frank,28.401045,-12.329799,Frank,male
Oline,-22.12776,13.09294,Oline,female
Sia,-15.145253,14.64502,Sia,female
Marwan,-17.940891,-28.756977,Marwan,male
Johnna,8.581453,31.325123,Johnna,female
Margrethe,11.732847,27.790564,Margrethe,female
Anne-Louise,-13.736034,20.405563,Anne-Louise,female
Orlando,7.659112,-32.09158,Orlando,male
Mariam,-25.583368,-5.4962616,Mariam,female
Turid,15.969,23.003075,Turid,female
Sussi,-2.9642942,31.105206,Sussi,female
Haider,-17.727926,-24.332407,Haider,male
Øystein,22.150265,-4.696531,Øystein,male
Natasja,-26.26311,17.710892,Natasja,female
Reno,22.640615,-14.049596,Reno,male
Emmy,6.8518205,23.743864,Emmy,female
Bolette,-14.257066,19.59609,Bolette,female
Jonny,22.767647,-8.610912,Jonny,both
Jade,-13.982327,0.8890647,Jade,both
Dilan,-26.522274,-7.7438626,Dilan,both
Antonio,11.07122,-34.07684,Antonio,male
Maybrit,-0.39451194,32.511776,Maybrit,female
Piotr,19.377937,-32.36747,Piotr,male
Clara,-27.795374,13.949623,Clara,female
Sasha,-23.679201,15.188816,Sasha,both
Asad,-15.688857,-24.070137,Asad,male
Brian,28.430357,-14.454876,Brian,male
Vicki,-14.79356,30.512348,Vicki,female
Sune,31.795815,-21.536232,Sune,male
Kamma,10.53747,21.873182,Kamma,female
Aviaja,-9.060311,17.471722,Aviaja,female
Marcos,5.7716904,-34.614502,Marcos,male
Rune,32.210155,-21.86035,Rune,male
Syed,-13.431317,-24.308805,Syed,male
Marita,3.2333066,14.705466,Marita,female
Sari,-28.637772,9.069598,Sari,both
Dicte,-24.649874,12.295381,Dicte,female
Neel,-8.007656,22.586452,Neel,both
Majbritt,-4.083848,30.807518,Majbritt,female
Beth,-0.69955033,20.93456,Beth,female
Al,-0.52182,-23.625269,Al,both
Susana,-5.160787,0.8398623,Susana,female
Luan,2.0264118,-35.028576,Luan,male
Musa,-22.045876,-30.907942,Musa,male
Loa,-3.9851506,23.286833,Loa,female
Jørn,29.300188,-7.500214,Jørn,male
Mollie,-28.057087,9.23409,Mollie,female
Lonnie,-9.042595,29.966259,Lonnie,female
Olivia,-26.08238,14.480786,Olivia,female
Patrycja,-3.7429342,4.741226,Patrycja,female
Ninna,-4.958419,32.650623,Ninna,female
Cirkeline,-23.842987,20.251394,Cirkeline,female
Stephan,24.933775,-22.346779,Stephan,male
Uriel,6.648701,-29.384155,Uriel,male
Alexandra,-10.938792,6.779832,Alexandra,female
Konrad,26.708887,-28.701668,Konrad,male
Michael,28.5903,-15.659358,Michael,male
Fadi,-17.232101,-28.696905,Fadi,male
Abigail,-10.5829935,-0.35363138,Abigail,female
Jari,22.888615,-15.501003,Jari,male
Manuel,10.867976,-33.141407,Manuel,male
Ahmed,-19.784922,-32.561615,Ahmed,male
Deniz,-22.508074,-28.772297,Deniz,both
Maren,8.4001045,22.542849,Maren,female
Ursula,6.9688044,20.379642,Ursula,female
Fanny,-11.887564,12.031403,Fanny,female
Nasir,-15.612136,-24.269356,Nasir,male
Alberto,10.571057,-33.582703,Alberto,male
Angelica,-10.663679,5.3116918,Angelica,female
Liane,-3.2397535,33.4263,Liane,female
Maj-Brit,-1.9373007,31.72616,Maj-Brit,female
Chris,24.039928,-21.283577,Chris,both
Harriet,17.26459,29.85719,Harriet,female
Laurits,33.180214,-26.826586,Laurits,male
Francis,10.653043,-24.507109,Francis,both
Elaine,-2.2552502,20.028236,Elaine,female
Abel,7.7749,-27.697083,Abel,male
Anneli,1.8935921,16.632973,Anneli,female
Kristiane,-16.252026,13.965846,Kristiane,female
Ferhat,-24.338903,-26.943787,Ferhat,male
Paola,-7.9742603,1.6007074,Paola,female
Dorit,10.717137,28.513285,Dorit,female
Salman,-14.411037,-25.176144,Salman,male
Nina,-6.890992,23.116566,Nina,female
Murat,-23.474981,-29.885279,Murat,male
Mona,8.993415,34.84802,Mona,female
Osama,-18.10875,-29.233633,Osama,male
Fatih,-23.481571,-29.700525,Fatih,male
Herdis,15.294307,31.246077,Herdis,female
Nur,-21.661598,-8.004676,Nur,both
Elke,3.0789108,22.545843,Elke,female
Ludvig,33.619205,-27.972519,Ludvig,male
Lissen,4.868025,29.74373,Lissen,female
Maybritt,-3.611629,32.325638,Maybritt,female
Melina,-21.225016,6.9307504,Melina,female
Vivi,5.933729,33.530224,Vivi,female
Charlotte,-7.170088,29.398705,Charlotte,female
Steffan,27.417545,-20.105604,Steffan,male
Tanja,-14.796998,29.247988,Tanja,female
Joachim,29.362028,-24.969507,Joachim,male
Nick,25.32449,-20.919453,Nick,male
Onur,-24.25883,-28.589115,Onur,male
Hjalte,33.08914,-26.11079,Hjalte,male
Svetlana,-3.3487933,9.292847,Svetlana,female
Karl,27.111368,-6.428627,Karl,male
René,28.358604,-15.604317,René,male
Arthur,13.054593,-27.473427,Arthur,male
Lis,12.423545,32.888023,Lis,female
Didi,-7.4319806,36.27527,Didi,female
Louis,20.747484,-21.89727,Louis,male
Pierre,20.376669,-15.853294,Pierre,male
Anna-Marie,11.669762,28.540842,Anna-Marie,female
Kay,17.856344,-16.511663,Kay,both
Calle,24.379541,-14.731682,Calle,male
Anita,-4.122404,30.474152,Anita,female
Joshua,13.90715,-24.384941,Joshua,male
Emina,-25.245071,-2.4056618,Emina,female
Giovanni,13.601139,-36.572823,Giovanni,male
Anne,-5.6170654,23.492922,Anne,both
Alvaro,8.884336,-31.610384,Alvaro,male
Rahul,-6.311088,-25.091362,Rahul,male
Georg,24.43337,-7.0789213,Georg,male
Britt,-2.9133966,29.69119,Britt,female
Hege,16.539568,21.928925,Hege,female
Samuel,12.475144,-27.537506,Samuel,male
Tiago,7.6067348,-36.537407,Tiago,male
Alina,-1.7857815,7.45225,Alina,female
Stella,-9.9963665,24.682062,Stella,female
Maj,-12.755616,19.651937,Maj,both
Toni,9.75946,-13.237174,Toni,both
Yousef,-18.335724,-27.673912,Yousef,male
Katinka,-14.18138,16.187756,Katinka,female
Hamid,-15.246432,-29.555561,Hamid,male
Hans,29.970484,-8.359223,Hans,male
Joao,7.183523,-36.215317,Joao,male
Beinta,0.76650286,16.234978,Beinta,female
Antoine,14.984315,-30.269064,Antoine,male
Marcela,-6.9849954,2.397465,Marcela,female
James,15.727114,-21.01052,James,male
Gudrun,13.248295,28.147646,Gudrun,female
Greta,5.287234,22.374037,Greta,female
Solvej,-2.4678845,27.649815,Solvej,female
Sahra,-22.182486,11.118857,Sahra,female
Minh,-5.117303,-20.479609,Minh,both
Franco,11.0801525,-35.248825,Franco,male
Messi,2.340184,-28.146158,Messi,both
De,8.0810585,-12.600977,De,male
Freja,-27.242683,14.569531,Freja,female
Anne-Sophie,-14.503864,18.38103,Anne-Sophie,female
Dagmar,9.473575,21.430723,Dagmar,female
Heather,-11.971122,-2.7409558,Heather,female
Fred,15.130181,-18.00905,Fred,male
Kadir,-24.312576,-28.871264,Kadir,male
Zainab,-26.849888,-5.317858,Zainab,female
Ilse,12.7506695,31.271206,Ilse,female
Rafael,6.986535,-34.155994,Rafael,male
Bodil,12.85937,32.017845,Bodil,female
Jaqueline,-8.886885,2.9685087,Jaqueline,female
Noel,11.062376,-23.270151,Noel,both
Jo,8.904,-12.799999,Jo,both
Inge,12.449541,32.494648,Inge,female
William,31.009382,-28.032064,William,male
Adi,-0.70378715,-22.982788,Adi,both
Melanie,-22.625914,8.5810995,Melanie,female
Helena,-22.470497,15.720535,Helena,female
Renee,-21.51475,6.0483217,Renee,both
Hassan,-19.679043,-27.72759,Hassan,male
Vishal,-7.507133,-25.14924,Vishal,male
Ole,29.587963,-8.749169,Ole,male
Micha,-10.075989,21.022503,Micha,both
Kamille,-18.0509,15.44213,Kamille,female
Liss,6.2013545,34.74352,Liss,female
Kathy,-11.128496,-2.9328432,Kathy,female
Marie-Louise,-13.882518,19.12351,Marie-Louise,female
Anna,-16.89486,13.223523,Anna,female
Sidsel,-15.375306,17.039589,Sidsel,female
Mikael,28.517418,-16.568548,Mikael,male
Bendt,30.247955,-5.21276,Bendt,male
Agnes,-17.871874,11.170125,Agnes,female
Noah,31.21382,-29.140863,Noah,both
Anitta,-4.2660847,32.18228,Anitta,female
Miriam,-13.265671,13.42321,Miriam,female
Angie,-9.327594,0.97742575,Angie,female
Thomas,29.068207,-17.486624,Thomas,male
Carlos,8.876661,-33.12139,Carlos,male
Elisabeth,7.6353393,22.069796,Elisabeth,female
Mai-Britt,-1.8190305,28.7738,Mai-Britt,female
Birte,13.582928,32.155773,Birte,female
Erwin,15.727224,-15.648804,Erwin,male
Sally,-10.4844885,23.429066,Sally,female
Nethe,-7.4341044,20.44992,Nethe,female
Kai,24.781431,-6.800144,Kai,both
Sørine,-8.089491,17.267292,Sørine,female
Thilde,-17.182446,14.99733,Thilde,female
Jill,-10.149477,25.298462,Jill,female
Helga,12.841586,27.57439,Helga,female
Eline,-15.224697,15.865114,Eline,female
Amar,-16.980686,-26.802174,Amar,both
Yaser,-21.92091,-24.211546,Yaser,male
Dana,-1.4731898,6.6558123,Dana,both
Sanne,-7.0773506,29.44873,Sanne,female
Lena,-3.36444,30.17319,Lena,female
Maha,-24.115458,-6.306993,Maha,female
Soren,24.28972,-10.981141,Soren,male
Leni,-0.9716136,27.322998,Leni,female
Marion,3.8092453,23.5415,Marion,both
Hamza,-20.09072,-27.014442,Hamza,male
Ann,-5.3731194,29.800682,Ann,female
Ismail,-20.22594,-29.838924,Ismail,male
Christoffer,29.994198,-25.390589,Christoffer,male
Majbrith,-2.201751,32.582386,Majbrith,female
Walter,17.660057,-26.331457,Walter,male
Janet,-1.7502917,20.589846,Janet,female
Vincent,13.434297,-26.570297,Vincent,male
Natacha,-24.294292,18.984724,Natacha,female
Farhan,-13.502987,-25.840645,Farhan,male
Sanni,-11.827027,25.533308,Sanni,female
Miguel,9.115992,-32.224438,Miguel,male
Anya,-7.0971904,22.180344,Anya,female
Rigmor,14.662059,28.03513,Rigmor,female
Benita,-10.094526,28.329126,Benita,female
Kristine,-16.359612,18.704634,Kristine,female
Alba,-14.098017,6.784737,Alba,female
Johan,32.97897,-23.111975,Johan,male
Michaela,-7.971044,12.573715,Michaela,female
Justin,14.984107,-24.037138,Justin,male
Amina,-25.993893,-5.1742783,Amina,female
Lauren,-13.336776,-0.7460405,Lauren,female
Sarah,-23.994831,16.954573,Sarah,female
Lulu,-5.7731247,17.708336,Lulu,female
Lykke,-9.305982,24.671362,Lykke,both
Sol,-11.796132,11.97142,Sol,both
Louisa,-16.500774,25.095343,Louisa,female
Ove,29.978315,-6.6439867,Ove,male
Carina,-14.418855,29.39877,Carina,female
Alicia,-13.220579,2.4333744,Alicia,female
Ismael,8.822757,-28.424955,Ismael,male
Said,-16.268347,-31.4221,Said,male
Carin,-2.7565238,17.510565,Carin,female
Leonardo,6.044126,-34.08029,Leonardo,male
Amela,-25.127436,-2.3060768,Amela,female
Luisa,-7.4268155,5.182239,Luisa,female
Wendy,-11.468334,1.5417445,Wendy,female
Mie,-19.709497,21.95304,Mie,female
Tulle,-19.866869,28.68422,Tulle,female
Anni,9.394959,34.18217,Anni,female
Mulle,-20.007984,27.487179,Mulle,both
Nam,-4.974479,-19.701683,Nam,male
Pauline,-13.240978,11.664076,Pauline,female
Rebekka,-20.653118,14.445318,Rebekka,female
Emilia,-26.895594,13.688929,Emilia,female
Luise,-12.627288,21.878265,Luise,female
Leslie,-10.803016,1.5830055,Leslie,both
Sara,-23.642654,17.03223,Sara,female
Mostafa,-15.736356,-33.96405,Mostafa,male
Nicola,-7.194807,9.233506,Nicola,both
Ragnhild,15.377688,24.245268,Ragnhild,female
Majid,-14.200218,-31.1294,Majid,male
Anina,-17.825844,23.999825,Anina,female
Suzan,-23.334585,-2.844785,Suzan,female
Ane,-11.97522,17.024527,Ane,female
Abir,-23.269226,-5.3435764,Abir,female
Sif,-19.081722,15.792089,Sif,female
Helen,5.963973,26.583273,Helen,female
Brenda,-9.955482,0.56873226,Brenda,female
Kelly,-12.325712,0.78170747,Kelly,both
Pelle,33.873306,-22.376911,Pelle,male
Mohamad,-16.38059,-31.111916,Mohamad,male
Majken,-14.030533,25.816963,Majken,female
Khalid,-18.034618,-29.472826,Khalid,male
Jeannet,-10.104616,29.615326,Jeannet,female
Tatiana,-9.935494,9.215539,Tatiana,female
Jannick,27.133263,-22.128601,Jannick,male
Thorsten,21.22283,-11.653516,Thorsten,male
Gerda,13.934996,31.624323,Gerda,female
Synnøve,15.376432,22.828012,Synnøve,female
Malte,31.910309,-26.377066,Malte,male
Elsa,13.510078,26.892797,Elsa,female
Rachid,-17.771683,-33.229946,Rachid,male
Zenia,-21.715803,19.827295,Zenia,female
Sa,-23.44704,-9.254851,Sa,female
Beatrice,-8.378477,7.65546,Beatrice,female
Javier,9.862052,-31.998156,Javier,male
Sonny,25.528784,-17.542852,Sonny,both
Kit,-7.134749,24.74441,Kit,both
Mauro,12.914194,-34.778736,Mauro,male
Rie,-5.781074,24.743624,Rie,female
Peer,26.559937,-8.972931,Peer,male
Christinna,-15.880015,25.077484,Christinna,female
Ann-Sofie,-17.399048,17.971659,Ann-Sofie,female
Saleh,-21.12462,-27.9596,Saleh,male
Jarl,31.042332,-18.099272,Jarl,male
Saeed,-14.745485,-31.548594,Saeed,male
Jette,9.141162,33.942463,Jette,female
Catharina,-17.837744,22.119576,Catharina,female
Emre,-23.396265,-27.858469,Emre,male
Vita,7.4872336,34.282635,Vita,female
Nathali,-21.491245,18.508041,Nathali,female
Majbrit,-3.975807,31.635132,Majbrit,female
Jannich,25.604797,-16.746109,Jannich,male
Diana,-12.83936,27.87169,Diana,female
Tino,25.219687,-19.863737,Tino,male
Jennifer,-22.118711,7.797949,Jennifer,female
Margith,7.443634,27.84128,Margith,female
Walid,-19.127455,-30.000547,Walid,male
Olivier,15.112124,-28.664574,Olivier,male
Nikola,24.288824,-31.166746,Nikola,both
Romain,14.968948,-30.302736,Romain,male
Ulrik,29.545536,-16.22329,Ulrik,male
Kitty,3.5280592,27.590273,Kitty,female
Rasmine,-17.879866,19.08552,Rasmine,female
Christer,19.990246,-7.615259,Christer,male
Jerry,17.219593,-21.48418,Jerry,male
Käthe,8.200857,32.041412,Käthe,female
Sergio,10.108,-32.885284,Sergio,male
Zakaria,-19.18734,-31.001907,Zakaria,male
Brigitte,3.5506275,23.565903,Brigitte,female
Kåre,31.420017,-18.277655,Kåre,male
Osman,-21.728418,-30.006468,Osman,male
Andre,19.184467,-26.02184,Andre,male
Keld,27.994892,-8.970893,Keld,male
Lucia,-8.613665,5.603578,Lucia,female
Anne-Mette,-4.031297,26.580603,Anne-Mette,female
Ralph,20.05823,-18.690992,Ralph,male
Jonas,30.214645,-24.968939,Jonas,male
Heidie,-7.272923,26.815348,Heidie,female
Claudia,-9.388954,6.369192,Claudia,female
Ken,22.85957,-16.351196,Ken,male
Solveig,12.0425005,30.43075,Solveig,female
Min,-5.8453054,-21.55232,Min,both
Matthew,14.603302,-23.827358,Matthew,male
Sidse,-15.358736,18.831005,Sidse,female
Lillian,11.418434,32.614765,Lillian,female
Nana,-18.689693,17.27032,Nana,both
Gunvor,12.01843,24.5098,Gunvor,female
Ann-Britt,-4.8382287,25.115644,Ann-Britt,female
Tamara,-5.911286,5.319699,Tamara,female
Siri,-12.990962,15.754744,Siri,female
Terry,17.936037,-20.138044,Terry,male
Santiago,8.444761,-30.4444,Santiago,male
Kathrin,2.3487945,8.291129,Kathrin,female
Børge,29.542574,-6.0645046,Børge,male
Karan,-7.76346,-24.03399,Karan,male
Lasse,29.984407,-23.595964,Lasse,male
Susann,-7.0758767,13.90221,Susann,female
Neymar,2.2841492,-28.134203,Neymar,male
Kate,5.8427014,29.39123,Kate,female
Nima,-16.26421,-23.334936,Nima,both
Ivana,-1.5472118,3.9431508,Ivana,female
Hilda,14.814316,29.535398,Hilda,female
Tilde,-17.29298,16.122751,Tilde,female
José,9.30794,-34.22848,José,male
Gerson,5.797373,-31.718454,Gerson,male
Hector,8.646219,-29.515112,Hector,male
Laust,33.01549,-19.42121,Laust,male
Celia,-13.778822,7.9838305,Celia,female
Kaja,-1.8306788,35.140495,Kaja,female
Nan,5.1189723,20.626083,Nan,both
Conni,9.436019,35.49994,Conni,female
Annelie,2.2980542,17.773056,Annelie,female
Angelo,14.61947,-33.161263,Angelo,male
Sandie,-19.01112,26.71085,Sandie,female
Unni,17.045547,22.973625,Unni,female
Torben,28.932901,-10.5786495,Torben,male
Kiki,-16.683788,23.929388,Kiki,female
Emil,30.744747,-25.682627,Emil,male
Ejnar,29.286251,-4.1963186,Ejnar,male
Käte,5.0117345,30.840986,Käte,female
Annett,1.1939819,26.417282,Annett,female
Åse,12.001838,29.770208,Åse,female
Jordi,11.826415,-33.013596,Jordi,male
Lindy,24.142487,-8.948341,Lindy,male
Scott,15.198402,-21.509157,Scott,male
Enes,-22.820496,-27.30843,Enes,male
Elvira,-17.403772,8.326488,Elvira,female
Hasse,30.74085,-18.16202,Hasse,male
Katrine,-22.48154,17.268974,Katrine,female
Andy,17.531624,-22.906183,Andy,both
Asta,-18.140491,11.270409,Asta,female
Jesper,29.114386,-16.792648,Jesper,male
Tinna,-5.6830153,30.735445,Tinna,female
Mohamed,-19.783258,-32.62622,Mohamed,male
Silas,31.559364,-27.63566,Silas,male
Katrin,-6.981199,11.146449,Katrin,female
Brandon,14.450463,-25.469576,Brandon,male
Chloe,-14.5129175,0.6450578,Chloe,female
Thora,12.470624,19.955898,Thora,female
Diane,-2.7634754,20.886946,Diane,female
Sussanne,2.6694295,30.727749,Sussanne,female
Allis,8.693422,27.547482,Allis,female
Fernando,8.216341,-33.116302,Fernando,male
Rebecca,-24.742474,15.097622,Rebecca,female
Karla,-15.546496,6.1150393,Karla,female
Cille,-26.595728,16.961405,Cille,female
Kia,-20.572031,19.995792,Kia,female
Siw,-15.942632,11.472556,Siw,female
Lizzi,9.663125,30.980879,Lizzi,female
Channie,-19.597036,25.579054,Channie,female
Lucky,-7.79261,-20.54999,Lucky,male
Carsten,28.848778,-11.948728,Carsten,male
Alan,18.795002,-19.901587,Alan,male
Paulo,7.2495213,-35.86518,Paulo,male
Didde,-17.316248,26.527615,Didde,female
Malika,-22.428713,4.3584538,Malika,female
Junni,1.6811711,35.971478,Junni,female
Sten,26.7872,-10.144869,Sten,male
Kenn,26.86895,-16.605898,Kenn,male
Sander,32.685947,-30.395254,Sander,male
Cathrine,-21.229557,17.586794,Cathrine,female
Benjamin,29.280127,-25.547035,Benjamin,male
Sacha,-18.837324,23.471418,Sacha,both
Charlie,21.268976,-20.792694,Charlie,both
Roy,15.625602,-16.720968,Roy,male
Linnea,-18.219154,14.755918,Linnea,female
Leah,-14.443269,2.4692852,Leah,female
Amr,-15.667522,-34.128544,Amr,male
Kian,28.109188,-25.744682,Kian,male
Mogens,29.998154,-7.767304,Mogens,male
Harry,26.396564,-4.276112,Harry,male
Ilham,-21.98244,-7.8623624,Ilham,female
Edel,14.843268,34.68383,Edel,female
Mariana,-7.391326,2.7462728,Mariana,female
Putte,3.1135545,36.04408,Putte,female
Torsten,22.016825,-11.157692,Torsten,male
Theresa,-16.482723,22.673725,Theresa,female
Fahad,-14.550903,-26.896969,Fahad,male
Zanne,0.597693,30.892912,Zanne,female
Samer,-17.113733,-29.956839,Samer,both
Lorenzo,15.247387,-34.667744,Lorenzo,male
Erika,-7.181172,7.188411,Erika,female
Tania,-11.692948,27.458431,Tania,female
Amalie,-27.33478,15.231503,Amalie,female
Mimi,-4.442133,16.832857,Mimi,female
Merve,-26.245481,-6.7767134,Merve,female
Kitt,-9.930666,26.751093,Kitt,female
Tommy,28.403177,-11.582924,Tommy,male
Ricardo,8.305015,-33.651463,Ricardo,male
Benny,28.740114,-7.906733,Benny,both
Camille,-13.832725,11.727573,Camille,both
Milena,-8.9988575,9.436271,Milena,female
Jana,1.0627359,8.022724,Jana,both
Renée,-14.738328,24.051863,Renée,both
Yannick,26.260382,-27.344486,Yannick,male
Henni,13.677624,19.00036,Henni,female
June,-10.236928,26.379623,June,female
André,25.4615,-23.009178,André,male
Jorgen,24.521835,-10.480327,Jorgen,male
Mustafa,-21.161299,-29.871506,Mustafa,male
Krishna,-7.2780104,-23.075714,Krishna,male
Louise,-20.702925,23.304276,Louise,female
Hussain,-18.370638,-26.579147,Hussain,male
Davide,14.979881,-35.237293,Davide,female
Elisabet,1.8478528,16.413109,Elisabet,female
Kamila,-4.199603,5.6260347,Kamila,female
Alvin,19.709507,-21.456036,Alvin,male
Umar,-15.750046,-24.780445,Umar,male
Jamie,14.601648,-23.006105,Jamie,both
Toke,33.769226,-22.488226,Toke,male
Marit,15.979149,22.59677,Marit,female
Dominik,19.771275,-30.20193,Dominik,male
Marija,-1.518502,3.798379,Marija,female
Elin,12.309002,29.814966,Elin,both
Hussein,-19.270933,-27.804201,Hussein,male
Nathja,-19.296389,26.453985,Nathja,female
Lonni,-3.0810645,31.666542,Lonni,female
Sonni,25.244223,-18.956577,Sonni,both
Dorthea,-8.742852,17.49683,Dorthea,female
Prince,-9.149553,-24.21575,Prince,male
Povl,26.803568,-7.747752,Povl,male
Brita,7.0166507,32.59129,Brita,female
Yassin,-21.169596,-25.702368,Yassin,male
Michel,23.59209,-20.149199,Michel,both
Jake,14.64734,-24.342968,Jake,male
Ian,19.552275,-19.650908,Ian,male
Leif,29.817951,-7.2394133,Leif,male
Anne-Dorthe,-3.7237477,28.637465,Anne-Dorthe,female
Joe,15.766103,-21.874342,Joe,both
Marwa,-25.367905,-5.999308,Marwa,female
Asger,33.067474,-22.185846,Asger,male
Zandra,-15.147435,31.540104,Zandra,female
Julia,-11.403532,6.8114457,Julia,female
Freia,-20.278309,13.170579,Freia,female
Khan,-11.758577,-25.112415,Khan,both
Hedvig,10.358103,26.056898,Hedvig,female
Evy,7.406189,31.410288,Evy,female
Ketty,12.159643,34.290615,Ketty,female
Hedda,11.789694,22.93944,Hedda,female
Nicoline,-25.859022,16.038921,Nicoline,female
Malin,2.3000102,13.123378,Malin,female
Amin,-20.451448,-26.493616,Amin,male
Matteo,15.337142,-35.01236,Matteo,male
Mateus,4.179977,-35.51901,Mateus,male
Magdalena,-3.6581926,6.9037375,Magdalena,female
Barbara,-6.154339,9.074799,Barbara,female
Ashley,-12.981113,0.24893379,Ashley,both
Fabio,13.685848,-34.26083,Fabio,male
Marina,-5.7901964,9.043599,Marina,female
Grace,-11.788614,-0.6009679,Grace,both
Jutta,6.66887,36.017475,Jutta,female
Andrés,9.896063,-30.082567,Andrés,male
Yolanda,-4.83364,0.12459936,Yolanda,female
Carol,-10.837844,-2.7954118,Carol,female
Lee,14.149944,-21.03204,Lee,both
Susse,1.9569643,26.261078,Susse,female
Kitte,11.616238,25.110651,Kitte,female
Anwar,-13.4938345,-28.462706,Anwar,both
Aisha,-25.243828,-5.07893,Aisha,female
Ellis,7.7602787,28.585373,Ellis,both
Jessica,-22.843365,8.00973,Jessica,female
Ernesto,8.460331,-31.549877,Ernesto,male
Kira,-19.328388,18.72101,Kira,female
Adel,-17.718231,-31.513678,Adel,male
Gyda,10.845266,26.472456,Gyda,female
Carola,-7.2131205,13.36915,Carola,female
Jordan,14.734007,-25.0565,Jordan,male
Ann-Mari,1.3596705,28.284307,Ann-Mari,female
Jimmi,26.223324,-18.770216,Jimmi,male
Faruk,-21.453415,-31.857157,Faruk,male
Ronaldo,4.331473,-33.505123,Ronaldo,male
Ulrikke,-19.18634,14.570277,Ulrikke,female
Sisse,-14.621507,20.806297,Sisse,female
Giuseppe,13.787961,-35.842766,Giuseppe,male
Christen,25.69305,-7.5833797,Christen,male
Niko,24.28482,-26.583183,Niko,male
Jean,9.998341,-13.333817,Jean,both
Kristian,31.2514,-22.579475,Kristian,male
Bea,-7.158938,7.1264563,Bea,female
Frede,27.484282,-6.2806234,Frede,male
Tonny,27.057747,-10.951507,Tonny,both
Tasja,-21.984251,20.614464,Tasja,female
Inga,12.753441,34.021687,Inga,female
Finn,29.325403,-8.005097,Finn,male
Nelson,6.9246197,-31.79689,Nelson,male
Elvis,8.536726,-25.98333,Elvis,male
Johannes,33.3014,-20.353294,Johannes,male
Marius,32.67122,-30.246387,Marius,male
Mohd,-5.137492,-24.715765,Mohd,male
Kent,27.958525,-13.804384,Kent,male
Else,13.121248,33.024006,Else,female
Guillermo,9.383276,-31.170378,Guillermo,male
Wenche,16.65084,22.466957,Wenche,female
Joel,12.11178,-26.486177,Joel,male
Sai,-6.149394,-21.703663,Sai,male
Stephanie,-22.759401,23.410408,Stephanie,female
Philipp,20.160137,-28.527365,Philipp,male
Mirna,-3.8762584,15.677589,Mirna,female
Betina,-12.457107,30.471006,Betina,female
Inge-Merete,6.0326304,32.207825,Inge-Merete,female
Liselotte,-1.2683274,29.390558,Liselotte,female
Marlene,-13.907312,29.175957,Marlene,female
Henrik,29.167965,-14.569278,Henrik,male
Renata,-5.828418,7.419241,Renata,female
Sys,4.590507,28.226421,Sys,female
Bilal,-20.857819,-27.969217,Bilal,male
Cindie,-16.392904,26.962849,Cindie,female
Ingerlise,12.961495,30.291986,Ingerlise,female
Grith,-5.033,25.566225,Grith,female
Gustav,32.4361,-27.466246,Gustav,male
Viktoria,-27.397757,10.398096,Viktoria,female
Sigrid,-12.519293,16.249605,Sigrid,female
Ester,9.951748,22.226627,Ester,female
Arif,-12.040341,-26.775629,Arif,male
Dylan,15.347889,-25.519695,Dylan,male
Sameer,-9.840547,-25.200089,Sameer,both
Camilla,-21.17389,23.362803,Camilla,female
Filippa,-26.685293,12.288187,Filippa,female
Stig,27.026299,-10.146387,Stig,male
Lin,-11.570684,14.158614,Lin,both
Esther,9.763135,21.804352,Esther,female
Kat,-11.4884205,12.942346,Kat,female
Claes,29.714128,-18.973772,Claes,male
Bethina,-5.4413824,30.996552,Bethina,female
Selma,-18.656954,9.042077,Selma,female
Matias,28.99512,-26.223206,Matias,male
Marian,6.0812273,27.819359,Marian,both
Gabriela,-7.378532,3.4750047,Gabriela,female
Jasper,25.819796,-23.86328,Jasper,male
Benthe,8.920096,29.494686,Benthe,female
Rosa,9.378059,20.756836,Rosa,female
Muhammed,-22.138418,-27.52639,Muhammed,male
Ena,8.231111,26.236706,Ena,female
Conny,9.814751,35.039715,Conny,both
Ronald,16.932686,-15.634872,Ronald,male
Vesna,-10.149285,22.996634,Vesna,female
Emerson,4.5036545,-34.351425,Emerson,male
Martine,-15.092164,12.6878195,Martine,female
Kirsten,12.085401,32.154713,Kirsten,female
Miranda,-12.612962,4.238951,Miranda,female
Raja,-13.41516,-25.196365,Raja,both
Virginia,-9.876139,-1.9123842,Virginia,female
Jack,23.015932,-17.882154,Jack,male
Orla,28.56882,-6.2443027,Orla,male
Anika,-18.24989,27.4918,Anika,female
Judith,5.8471937,26.74165,Judith,female
Christel,-6.9381943,23.614254,Christel,female
Gladys,16.5654,27.976982,Gladys,female
Burak,-23.15967,-31.422258,Burak,male
Mina,-22.867455,-1.4859549,Mina,female
Emma,-28.032999,15.148773,Emma,female
Malle,-19.92382,6.1578975,Malle,both
Filip,28.159197,-28.368809,Filip,male
Fiona,-24.97019,10.815457,Fiona,female
Simone,-25.012724,18.031641,Simone,female
Veronica,-11.6831045,8.569067,Veronica,female
Ria,-3.9512498,12.117491,Ria,female
Juliane,-21.355835,12.5852375,Juliane,female
Kis,8.124569,35.337646,Kis,female
Elias,31.38892,-28.377102,Elias,both
Dion,22.853043,-19.50107,Dion,male
Mo,-19.615417,-24.30469,Mo,both
Jonathan,30.600122,-27.205536,Jonathan,male
Dorte,-1.0870802,30.007784,Dorte,female
Arun,-7.3073564,-25.45335,Arun,male
Leandro,5.610585,-35.437756,Leandro,male
Tobias,30.480925,-26.036171,Tobias,male
Svend-Erik,31.30312,-4.945464,Svend-Erik,male
Janna,6.734708,21.4899,Janna,female
Susi,-3.2248385,25.387142,Susi,female
Sabrina,-22.68153,23.993818,Sabrina,female
Annika,-17.798199,25.324436,Annika,female
Tue,34.34432,-21.68359,Tue,male
Sana,-25.227037,-4.6010466,Sana,both
Lydia,6.6853876,25.317818,Lydia,female
Megan,-26.364683,7.8148427,Megan,female
Vinnie,-3.220342,31.973003,Vinnie,female
Allan,28.746769,-13.555633,Allan,male
Lilian,11.069374,33.0354,Lilian,female
Sebrina,-21.642542,25.988941,Sebrina,female
Maryam,-26.347542,-4.7050076,Maryam,female
Pernille,-15.075417,27.115839,Pernille,female
Ronni,26.382906,-19.208527,Ronni,male
Aage,28.024504,-5.083634,Aage,male
Bitten,4.2360506,32.943222,Bitten,female
Oussama,-12.682226,-35.02804,Oussama,male
Viggo,31.726105,-6.5157604,Viggo,male
Dianna,-11.876529,25.835243,Dianna,female
Fredrik,19.547792,-7.772689,Fredrik,male
Guilherme,5.233089,-35.437244,Guilherme,male
Troels,32.40491,-21.42896,Troels,male
Freddy,28.087545,-7.827822,Freddy,male
Ramona,-0.21727242,8.363779,Ramona,female
Sina,-9.242867,11.405834,Sina,both
Andres,8.515033,-30.516548,Andres,male
Stefano,13.979111,-35.84355,Stefano,male
Yrsa,8.156103,36.635014,Yrsa,female
Alberte,-27.476025,14.578806,Alberte,female
Debbie,-12.549722,24.235088,Debbie,female
Nicole,-21.469309,8.250404,Nicole,female
Michell,-20.857613,26.178753,Michell,both
Tonje,3.179776,12.7338915,Tonje,female
Michelle,-22.900883,23.750866,Michelle,female
Sofus,33.116856,-27.14336,Sofus,male
Keith,17.550373,-18.232346,Keith,male
Inge-Lise,14.551454,32.378735,Inge-Lise,female
Lau,34.880383,-23.242777,Lau,male
Josef,-18.385244,-25.46367,Josef,male
Mohammed,-20.12892,-27.659655,Mohammed,male
Arjun,-7.2176843,-24.09416,Arjun,male
Cesar,7.7237296,-31.141825,Cesar,male
Ann-Louise,-14.562286,22.011408,Ann-Louise,female
Marcelo,7.2381506,-34.970516,Marcelo,male
Einar,22.670153,-5.998784,Einar,male
Camila,-8.735989,2.8426197,Camila,female
Niki,23.594324,-21.529675,Niki,both
Mari,3.7256637,14.132553,Mari,female
Alexia,-10.612599,3.8415132,Alexia,female
Kuba,19.6708,-30.938437,Kuba,male
Jonatan,33.200325,-25.075636,Jonatan,male
Anne-Grete,10.063397,29.889751,Anne-Grete,female
Hans-Henrik,25.660988,-5.357864,Hans-Henrik,male
Kell,25.18953,-10.526804,Kell,male
Karen,12.250885,26.754904,Karen,female
Linn,2.902182,13.116497,Linn,both
Uwe,20.822548,-10.963103,Uwe,male
Mariann,6.2648363,30.948423,Mariann,female
Søren,30.198835,-15.828951,Søren,male
Issa,-17.946571,-27.611063,Issa,both
Tea,-16.36148,14.787222,Tea,female
Ingrid,13.787734,28.645742,Ingrid,female
Frits,26.65445,-7.7098,Frits,male
Andrei,15.734526,-32.57323,Andrei,male
Leonel,6.434837,-31.073158,Leonel,male
Shila,-7.949105,25.24571,Shila,female
Stinne,-12.996144,20.862911,Stinne,female
Cæcilie,-16.173357,17.208872,Cæcilie,female
Tina,-6.7542124,30.13872,Tina,female
Elmer,17.010542,-11.314597,Elmer,male
Edwin,10.505951,-26.721064,Edwin,male
Hatice,-23.534489,-3.3879411,Hatice,female
Usman,-14.659295,-25.04527,Usman,male
Melvin,11.001212,-26.375917,Melvin,male
Ravi,-7.06255,-24.767025,Ravi,male
Eigil,26.036861,-8.755655,Eigil,male
Younes,-20.789577,-26.324121,Younes,male
Habib,-14.0775795,-29.819519,Habib,both
Pi,-7.8499365,36.065315,Pi,female
Marco,27.375229,-24.97578,Marco,male
Ejgil,27.82982,-4.327563,Ejgil,male
Adam,30.096855,-27.760351,Adam,male
Saif,-17.53375,-26.576256,Saif,male
Tomas,21.167534,-15.545539,Tomas,male
Matheus,3.665977,-35.98575,Matheus,male
Beatriz,-7.0444303,1.7648133,Beatriz,female
Ale,-8.100907,0.35084113,Ale,male
Michella,-22.62956,24.84868,Michella,female
Dorrit,8.819209,29.184423,Dorrit,female
Lill,-1.7825655,24.349749,Lill,female
Matthias,21.066715,-27.45093,Matthias,male
Asbjørn,32.76988,-23.056612,Asbjørn,male
Marika,-12.255398,9.674879,Marika,female
Zara,-22.406342,4.6300726,Zara,female
Ani,-3.4815855,14.353659,Ani,both
Abdel,-18.307024,-31.15983,Abdel,male
Omid,-15.204576,-30.217562,Omid,male
Tage,30.651531,-6.334618,Tage,male
Manuela,2.3193116,8.286777,Manuela,female
Vivian,4.5195556,32.078545,Vivian,female
Viola,6.0343137,23.168318,Viola,female
Kristina,-15.052231,28.170795,Kristina,female
Lisa,-10.860421,24.984426,Lisa,female
Nikolai,29.453999,-26.240896,Nikolai,male
Iris,6.08004,23.774834,Iris,female
Annita,-4.446876,33.996483,Annita,female
Anastasia,-14.369655,9.190794,Anastasia,female
Michal,20.004038,-32.461266,Michal,both
Mika,-9.89484,20.53861,Mika,both
Sonja,12.040438,33.48939,Sonja,female
Jasmine,-26.31834,7.8080163,Jasmine,female
Theodor,32.67793,-28.646957,Theodor,male
Dinna,-7.7882867,32.919556,Dinna,female
Leon,22.284346,-16.739151,Leon,male
Esben,33.2351,-21.362698,Esben,male
Amanda,-25.205133,16.661152,Amanda,female
Camilo,9.192323,-29.860859,Camilo,male
Alma,-18.39327,9.048364,Alma,female
Jakub,19.70245,-31.116669,Jakub,male
Natasia,-20.70985,20.541803,Natasia,female
Irina,-3.6421454,9.089393,Irina,female
Federico,14.662508,-34.894505,Federico,male
Florian,20.02002,-28.725298,Florian,male
Danielle,-11.586416,3.030807,Danielle,female
Boy,14.355663,-11.517918,Boy,male
Jenny,5.842562,23.046564,Jenny,female
Ejner,27.596226,-4.221149,Ejner,male
Judy,5.437889,25.977818,Judy,female
Kenni,26.565014,-20.901426,Kenni,male
Antonia,-12.597356,7.0717554,Antonia,female
Jennie,-14.991563,23.340162,Jennie,female
Gry,-13.164443,18.144024,Gry,both
Juliana,-8.573547,2.9993227,Juliana,female
Pernelle,-14.8031,32.33169,Pernelle,female
Emmanuel,9.101253,-27.12801,Emmanuel,male
Nickie,-19.17164,25.432285,Nickie,both
Smilla,-26.238472,12.945138,Smilla,female
Casper,29.13976,-24.184074,Casper,male
Rony,-0.45627993,-23.925615,Rony,male
Palle,28.63416,-8.790689,Palle,male
Eliza,-26.928123,9.399387,Eliza,female
Heydi,2.1740828,32.741375,Heydi,female
Ania,-4.1145873,6.4976716,Ania,female
Abdou,-12.668446,-35.028763,Abdou,male
Lilly,12.255591,34.906433,Lilly,female
Marc,28.017977,-24.1192,Marc,male
Angel,7.589413,-29.641264,Angel,both
Zita,-6.5835223,31.622797,Zita,female
Emmelie,-24.018305,12.995147,Emmelie,female
Mads,30.322176,-24.533627,Mads,male
Mai,-15.403406,20.227331,Mai,both
Ditte,-17.265432,20.402374,Ditte,female
Marcel,20.61773,-27.495148,Marcel,male
Elsemarie,10.014384,27.965872,Elsemarie,female
Rose,-16.211731,8.960458,Rose,female
Dagny,12.064461,35.588745,Dagny,female
Iman,-24.747402,-5.5693846,Iman,both
Miki,23.298548,-22.34816,Miki,both
Mitzi,-8.199104,28.047935,Mitzi,female
Bette,23.748808,-12.618712,Bette,female
Mohammad,-19.087975,-29.128801,Mohammad,male
Imad,-16.215229,-28.363195,Imad,male
Valdemar,32.332516,-27.78376,Valdemar,male
Jani,1.3622404,35.53554,Jani,female
Charles,18.203285,-19.428349,Charles,male
Robert,21.629606,-16.85936,Robert,male
Mehdi,-15.178464,-28.67681,Mehdi,male
Isabell,-23.455887,12.690296,Isabell,female
Nabil,-17.915325,-33.815674,Nabil,male
George,17.257036,-19.010565,George,male
Cristina,-5.240092,8.166129,Cristina,female
Alexandre,14.24195,-30.92594,Alexandre,male
Jess,24.157501,-17.028065,Jess,male
Ibrahim,-19.654476,-28.422916,Ibrahim,male
Lene,-0.8669549,30.102749,Lene,female
Steve,15.775844,-19.176016,Steve,male
Amira,-24.38145,-4.242609,Amira,female
Flemming,29.097857,-9.46105,Flemming,male
Tony,20.665813,-17.411352,Tony,both
Gabriella,-12.700953,8.16966,Gabriella,female
Mikala,-18.216377,16.402584,Mikala,female
Salma,-26.324821,-5.569863,Salma,female
Paulina,-4.0931544,4.8876843,Paulina,female
Gitta,-0.013474139,27.999012,Gitta,female
Yasemin,-26.259958,-6.8657007,Yasemin,female
Heine,27.466274,-14.706964,Heine,male
Johnni,25.663887,-13.884403,Johnni,both
Fam,-9.405211,31.033936,Fam,female
Thor,31.826994,-24.04368,Thor,male
Malena,-10.56248,19.26248,Malena,female
Vinicius,3.5033782,-36.091248,Vinicius,male
Catarina,-6.1012683,10.070109,Catarina,female
Jeff,22.367264,-20.976025,Jeff,male
Luka,24.306551,-31.12329,Luka,both
Sabina,-17.30497,25.05583,Sabina,female
Umm,-22.749548,-4.118496,Umm,female
Juan,9.370227,-32.543987,Juan,male
Manja,-17.850409,22.914803,Manja,female
Rami,-17.021235,-28.190992,Rami,male
Milica,-0.48645538,6.030632,Milica,female
Carolina,-13.126847,5.9109416,Carolina,female
Anil,-9.025431,-24.968899,Anil,male
Grethe,13.510246,33.028572,Grethe,female
Ghita,2.8075762,29.586746,Ghita,female
Gunilla,2.6376245,16.678072,Gunilla,female
Anne-Sofie,-16.768726,16.666752,Anne-Sofie,female
Augusta,-20.185024,11.661176,Augusta,female
Hanan,-24.30261,-5.122892,Hanan,both
Cassandra,-22.973288,6.7045436,Cassandra,female
Myrna,10.913776,29.296387,Myrna,female
Gerd,14.9156065,25.092836,Gerd,both
Ammar,-16.787176,-29.212442,Ammar,male
Katie,-12.807654,-0.82235885,Katie,female
Adnan,-20.725483,-29.219772,Adnan,male
Elinor,13.322723,37.251915,Elinor,female
Anne-Grethe,7.912471,29.448479,Anne-Grethe,female
Elena,-4.5970283,8.1686325,Elena,female
Lilli,7.3862057,34.66467,Lilli,female
Sanna,0.9703438,16.292353,Sanna,female
Paolo,14.114464,-34.998203,Paolo,male
Birgith,9.924563,32.108837,Birgith,female
Bill,18.680819,-17.624285,Bill,male
Hakan,-23.19425,-29.454594,Hakan,male
Sabrine,-19.402624,20.41491,Sabrine,female
Carmen,-5.2542667,0.94900537,Carmen,female
Mick,24.651583,-21.066557,Mick,male
Annalise,11.1319,35.901093,Annalise,female
Fru,-2.738699,33.084526,Fru,male
Eddie,19.625208,-17.78467,Eddie,male
Cynthia,-11.709208,0.627481,Cynthia,female
Janie,-5.862643,28.61082,Janie,female
Celina,-26.454824,16.415201,Celina,female
Ari,21.95344,-13.668556,Ari,male
Kirstine,-16.391718,16.212141,Kirstine,female
Edward,16.939123,-20.121,Edward,male
Peter,30.199753,-15.658018,Peter,male
Felipe,6.0579033,-34.275154,Felipe,male
Melissa,-22.922829,8.43358,Melissa,female
Isaac,9.660685,-27.615553,Isaac,male
Deborah,-10.5968275,-2.0947535,Deborah,female
Ritta,13.211431,30.256947,Ritta,female
